event,id,particle,status,mother1,mother2,daughter1,daughter2,colour,acolour,px,py,pz,e,m
0,90,(system),-11,0,0,0,0,0,0,0,0,0,1960,1960
1,2212,(p+),-12,0,0,204,0,0,0,0,0,980,980,0.9383
2,-2212,(pbar-),-12,0,0,205,0,0,0,0,0,-980,980,0.9383
3,2,(u),-21,6,0,5,0,101,0,0,0,31.73,31.73,0
4,-2,(ubar),-21,7,7,5,0,0,101,0,0,-57.46,57.46,0
5,23,(Z0),-22,3,4,8,8,0,0,0,0,-25.73,89.19,85.4
6,21,(g),-41,10,0,9,3,101,103,0,3.553e-15,48.09,48.09,0
7,-2,(ubar),-42,11,11,4,4,0,101,1.11e-15,0,-57.46,57.46,0
8,23,(Z0),-44,5,5,12,12,0,0,-2.935,-16.18,-14.84,88.22,85.4
9,-2,(ubar),-43,6,0,13,13,0,103,2.935,16.18,5.47,17.33,0.33
10,21,(g),-41,15,15,14,6,104,103,0,1.776e-15,324.6,324.6,0
11,-2,(ubar),-42,16,0,7,7,0,101,-1.554e-15,1.021e-14,-57.46,57.46,0
12,23,(Z0),-44,8,8,17,17,0,0,-3.437,-12.87,-14.03,87.56,85.4
13,-2,(ubar),-44,9,9,18,18,0,103,2.779,17.21,4.774,18.07,0.33
14,21,(g),-43,10,0,19,19,104,101,0.6581,-4.338,276.4,276.4,0
15,21,(g),-42,25,25,10,10,104,103,-2.831e-15,-2.753e-14,324.6,324.6,0
16,21,(g),-41,26,0,20,11,105,101,2.803e-15,2.842e-14,-66.48,66.48,0
17,23,(Z0),-44,12,12,27,27,0,0,-3.059,-9.13,-14.6,87.17,85.4
18,-2,(ubar),-44,13,13,28,28,0,103,2.828,17.69,5.392,18.72,0.33
19,21,(g),-44,14,14,29,29,104,101,0.6583,-4.336,275.7,275.8,0
20,2,(u),-43,16,0,30,30,105,0,-0.4278,-4.228,-8.401,9.421,0.33
21,21,(g),-31,42,42,23,24,107,106,0,0,9.875,9.875,0
22,21,(g),-31,43,0,23,24,108,107,0,0,-116.4,116.4,0
23,21,(g),-33,21,22,44,44,109,106,3.657,0.6916,9.493,10.2,0
24,21,(g),-33,21,22,45,45,108,109,-3.657,-0.6916,-116,116.1,0
25,21,(g),-42,34,34,15,15,104,103,2.067e-13,4.849e-16,324.6,324.6,0
26,-2,(ubar),-41,37,37,31,16,0,101,-2.061e-13,-4.927e-16,-457.8,457.8,0
27,23,(Z0),-44,17,17,206,206,0,0,-0.4898,-9.124,-14.66,87.13,85.4
28,-2,(ubar),-44,18,18,32,33,0,103,3.164,17.7,5.466,18.79,0.33
29,21,(g),-44,19,19,35,36,104,101,0.6592,-4.336,275.7,275.8,0
30,2,(u),-44,20,20,58,59,105,0,0.02205,-4.227,-8.408,9.417,0.33
31,-2,(ubar),-43,26,0,60,60,0,105,-3.356,-0.00786,-391.3,391.4,0.33
32,-2,(ubar),-51,28,0,57,57,0,110,1.77,10.7,0.7141,10.88,0.33
33,21,(g),-51,28,0,55,56,110,103,1.394,6.994,6.454,9.618,0
34,21,(g),-53,107,107,25,25,104,103,4.134e-13,9.697e-16,326.3,326.3,0
35,2,(u),-51,29,0,179,180,104,0,-2.08,0.2855,54.91,54.95,0.33
36,-2,(ubar),-51,29,0,212,212,0,101,2.739,-4.622,220.8,220.8,0.33
37,-2,(ubar),-53,205,205,26,26,0,101,-5.064e-13,-9.853e-16,-457.9,457.9,0
38,21,(g),-31,69,69,40,41,111,112,0,0,0.6096,0.6096,0
39,21,(g),-31,70,0,40,41,113,114,0,0,-8.355,8.355,0
40,21,(g),-33,38,39,71,71,111,114,1.332,-1.817,-3.609,4.255,0
41,21,(g),-33,38,39,72,72,113,112,-1.332,1.817,-4.136,4.71,0
42,21,(g),-42,86,0,21,21,107,106,-4.857e-17,-1.443e-15,9.875,9.875,0
43,21,(g),-41,87,87,46,22,115,107,4.857e-17,1.443e-15,-121.5,121.5,0
44,21,(g),-44,23,23,61,62,109,106,3.657,0.696,9.262,9.982,0
45,21,(g),-44,24,24,63,63,108,109,-3.614,0.7442,-118.8,118.9,0
46,21,(g),-43,43,0,90,90,115,108,-0.04335,-1.44,-2.092,2.54,0
47,21,(g),-31,185,0,49,50,116,117,0,0,0.2611,0.2611,0
48,-2,(ubar),-31,186,186,49,50,0,116,0,0,-47.67,47.67,0
49,21,(g),-33,47,48,136,137,118,117,1.449,1.058,-3.078,3.562,0
50,-2,(ubar),-33,47,48,138,138,0,118,-1.449,-1.058,-44.33,44.37,0.33
51,2,(u),-31,64,64,53,54,119,0,0,0,13.16,13.16,0
52,21,(g),-31,65,0,53,54,120,121,0,0,-5.838,5.838,0
53,2,(u),-33,51,52,66,66,120,0,1.381,0.8907,12.99,13.1,0.33
54,21,(g),-33,51,52,67,67,119,121,-1.381,-0.8907,-5.668,5.901,0
55,21,(g),-51,33,0,105,106,122,103,2.098,4.862,4.951,7.249,0
56,21,(g),-51,33,0,159,159,110,122,-0.2252,5.029,1.687,5.309,0
57,-2,(ubar),-52,32,32,207,207,0,110,1.291,7.805,0.5301,7.936,0.33
58,2,(u),-51,30,0,209,209,123,0,-1.468,-2.472,-7.956,8.467,0.33
59,21,(g),-51,30,0,144,144,105,123,1.452,-1.755,-4.951,5.45,0
60,-2,(ubar),-52,31,31,142,143,0,105,-3.317,-0.007783,-386.8,386.9,0.33
61,21,(g),-51,44,0,88,88,124,106,4.746,1.115,8.494,9.794,0
62,21,(g),-51,44,0,91,91,109,124,-1.12,-0.4129,-0.2663,1.223,0
63,21,(g),-52,45,45,89,89,108,109,-3.583,0.7377,-117.8,117.8,0
64,2,(u),-42,80,80,51,51,119,0,-1.776e-15,-5.829e-16,13.16,13.16,0
65,21,(g),-41,81,0,68,52,120,125,1.776e-15,6.106e-16,-6.677,6.677,0
66,2,(u),-44,53,53,82,82,120,0,1.391,0.8943,12.47,12.59,0.33
67,21,(g),-44,54,54,83,83,119,121,-0.3224,-0.4982,-6.08,6.109,0
68,21,(g),-43,65,0,84,84,121,125,-1.068,-0.3961,0.09079,1.143,0
69,21,(g),-42,74,0,38,38,111,112,6.883e-15,-3.643e-17,0.6096,0.6096,0
70,21,(g),-41,75,75,73,39,113,126,-3.553e-15,3.469e-17,-141.6,141.6,0
71,21,(g),-44,40,40,76,76,111,114,0.7259,-1.813,-4.051,4.497,0
72,21,(g),-44,41,41,77,77,113,112,-2.014,1.821,-4.425,5.191,0
73,21,(g),-43,70,0,78,78,114,126,1.288,-0.007299,-132.5,132.5,0
74,21,(g),-41,237,237,79,69,111,129,-1.421e-14,-1.705e-13,130.5,130.5,0
75,21,(g),-42,238,238,70,70,113,126,-2.331e-15,-1.243e-14,-141.6,141.6,0
76,21,(g),-44,71,71,114,115,111,114,0.6372,-2.241,-5.833,6.281,0
77,21,(g),-44,72,72,111,112,113,112,-2.167,1.086,-3.43,4.2,0
78,21,(g),-44,73,73,116,116,114,126,1.287,-0.0133,-131.7,131.7,0
79,21,(g),-43,74,0,113,113,112,129,0.2424,1.169,129.9,129.9,0
80,2,(u),-42,160,160,64,64,119,0,-9.021e-17,-1.554e-15,13.16,13.16,0
81,21,(g),-41,161,0,85,65,120,130,9.714e-17,1.887e-15,-7.864,7.864,0
82,2,(u),-44,66,66,162,162,120,0,1.391,0.9036,12.22,12.34,0.33
83,21,(g),-44,67,67,163,163,119,121,-0.2666,0.5029,-6.245,6.271,0
84,21,(g),-44,68,68,164,164,121,125,-1.063,-0.3096,0.02763,1.108,0
85,21,(g),-43,81,0,165,165,125,130,-0.06112,-1.097,-0.7085,1.307,0
86,21,(g),-41,97,0,92,42,131,106,1.388e-16,-1.11e-16,10.28,10.28,0
87,21,(g),-42,98,98,43,43,115,107,0,0,-121.5,121.5,0
88,21,(g),-44,61,61,99,99,124,106,5.07,0.1712,8.513,9.91,0
89,21,(g),-44,63,63,100,100,108,109,-3.582,0.7348,-116.8,116.9,0
90,21,(g),-44,46,46,101,101,115,108,-0.03542,-1.463,-2.147,2.599,0
91,21,(g),-44,62,62,102,102,109,124,-1.103,-0.4623,-0.2602,1.224,0
92,21,(g),-43,86,0,103,103,131,107,-0.3496,1.02,-0.5262,1.199,0
93,21,(g),-31,265,265,95,96,133,132,0,0,69.16,69.16,0
94,21,(g),-31,266,266,95,96,132,134,0,0,-0.4848,0.4848,0
95,21,(g),-33,93,94,129,129,135,134,0.9659,-0.3391,0.06363,1.026,0
96,21,(g),-33,93,94,127,128,133,135,-0.9659,0.3391,68.61,68.62,0
97,1,(d),-41,221,221,104,86,131,0,4.441e-16,5.551e-17,34.84,34.84,0
98,21,(g),-42,222,222,87,87,115,107,2.776e-16,-5.551e-17,-121.5,121.5,0
99,21,(g),-44,88,88,139,140,124,106,5.939,-0.02688,8.258,10.17,0
100,21,(g),-44,89,89,121,122,108,109,-3.579,0.7342,-116.6,116.6,0
101,21,(g),-44,90,90,154,155,115,108,-0.01413,-1.468,-2.161,2.613,0
102,21,(g),-44,91,91,123,123,109,124,-1.058,-0.4727,-0.2139,1.178,0
103,21,(g),-44,92,92,227,227,131,107,-0.3179,1.012,-0.4992,1.173,0
104,1,(d),-43,97,0,147,147,106,0,-0.97,0.2212,24.54,24.57,0.33
105,21,(g),-51,55,0,110,110,122,136,2.449,3.638,3.555,5.645,0
106,21,(g),-51,55,0,108,109,136,103,-0.3504,1.223,3.794,4.002,0
107,21,(g),-53,181,181,34,34,104,103,8.269e-13,1.939e-15,328.7,328.7,0
108,21,(g),-51,106,0,124,125,137,103,-0.2813,0.4824,0.1013,0.5675,0
109,21,(g),-51,106,0,126,126,136,137,0.7164,1.908,4.833,5.246,0
110,21,(g),-52,105,105,157,158,122,136,1.663,2.471,2.414,3.834,0
111,21,(g),-51,77,0,240,240,113,138,-1.018,1.399,-2.908,3.384,0
112,21,(g),-51,77,0,135,135,138,112,-1.148,-0.3096,-0.1405,1.197,0
113,21,(g),-52,79,79,133,134,112,129,0.2417,1.165,129.5,129.5,0
114,21,(g),-51,76,0,239,239,111,139,0.6724,-0.08602,-10.08,10.1,0
115,21,(g),-51,76,0,132,132,139,114,0.05759,-2.156,-5.249,5.675,0
116,21,(g),-52,78,78,130,131,114,126,1.194,-0.01235,-122.2,122.2,0
117,-1,(dbar),-31,271,271,119,120,0,140,0,0,17.21,17.21,0
118,21,(g),-31,272,272,119,120,142,141,0,0,-4.536,4.536,0
119,-1,(dbar),-33,117,118,273,273,0,141,-0.1671,0.7769,17.16,17.19,0.33
120,21,(g),-33,117,118,274,274,142,140,0.1671,-0.7769,-4.49,4.56,0
121,21,(g),-51,100,0,156,156,108,143,-3.617,0.7303,-116.6,116.7,0
122,21,(g),-51,100,0,197,198,143,109,-0.01904,-0.02147,0.01721,0.03346,0
123,21,(g),-52,102,102,141,141,109,124,-1.001,-0.4473,-0.2024,1.115,0
124,-3,(sbar),-51,108,0,215,215,0,103,-0.3091,0.2609,0.9956,1.185,0.5
125,3,(s),-51,108,0,217,217,137,0,0.4298,1.292,1.818,2.326,0.5
126,21,(g),-52,109,109,216,216,136,137,0.3144,0.8372,2.121,2.302,0
127,21,(g),-51,96,0,268,268,133,144,-1.108,-0.2531,62.84,62.85,0
128,21,(g),-51,96,0,148,149,144,135,0.1768,0.5801,5.777,5.808,0
129,21,(g),-52,95,95,150,150,135,134,0.9314,-0.327,0.06136,0.989,0
130,21,(g),-51,116,0,184,184,145,126,0.7933,0.3839,-114,114,0
131,21,(g),-51,116,0,169,169,114,145,0.4041,-0.5092,-8.533,8.557,0
132,21,(g),-52,115,115,167,168,139,114,0.05458,-2.043,-4.975,5.378,0
133,21,(g),-51,113,0,175,175,146,129,-0.08556,1.597,111.4,111.5,0
134,21,(g),-51,113,0,153,153,112,146,0.3152,-0.4346,18.07,18.08,0
135,21,(g),-52,112,112,151,152,138,112,-1.136,-0.3063,-0.1391,1.184,0
136,21,(g),-51,49,0,187,187,147,117,1.386,0.5606,-4.383,4.632,0
137,21,(g),-51,49,0,189,189,118,147,0.008802,0.4586,-0.3231,0.5611,0
138,-2,(ubar),-52,50,50,188,188,0,118,-1.395,-1.019,-42.71,42.74,0.33
139,21,(g),-51,99,0,145,146,148,106,3.843,-0.5993,4.782,6.164,0
140,21,(g),-51,99,0,176,177,124,148,2.047,0.5504,3.466,4.062,0
141,21,(g),-52,123,123,178,178,109,124,-0.9516,-0.4253,-0.1925,1.06,0
142,-2,(ubar),-51,60,0,210,210,0,149,-2.998,-0.4692,-377.1,377.1,0.33
143,21,(g),-51,60,0,218,218,149,105,-0.2864,0.4219,-9.833,9.846,0
144,21,(g),-52,59,59,214,214,105,123,1.419,-1.715,-4.84,5.327,0
145,21,(g),-51,139,0,191,192,148,150,4.006,-0.4107,5.848,7.1,0
146,21,(g),-51,139,0,193,193,150,106,-0.2146,-0.1768,0.2305,0.3612,0
147,1,(d),-52,104,104,228,228,106,0,-0.9181,0.2094,23.25,23.27,0.33
148,3,(s),-51,128,0,269,269,144,0,0.2664,-0.2553,1.716,1.825,0.5
149,-3,(sbar),-51,128,0,270,270,0,135,0.09195,0.7717,4.072,4.176,0.5
150,21,(g),-52,129,129,267,267,135,134,0.7498,-0.2633,0.0494,0.7962,0
151,21,(g),-51,135,0,170,171,138,151,-1.223,-0.2066,-0.07172,1.243,0
152,21,(g),-51,135,0,172,172,151,112,0.1183,-0.1423,1.7,1.71,0
153,21,(g),-52,134,134,173,174,112,146,0.2844,-0.3921,16.3,16.31,0
154,21,(g),-51,101,0,225,225,115,152,0.5149,-0.8393,-1.222,1.57,0
155,21,(g),-51,101,0,196,196,152,108,-0.6078,-0.6129,-3.476,3.581,0
156,21,(g),-52,121,121,194,195,108,143,-3.538,0.7144,-114.1,114.1,0
157,21,(g),-51,110,0,211,211,153,136,0.882,2.929,2.365,3.866,0
158,21,(g),-51,110,0,219,219,122,153,0.7396,0.4705,0.3614,0.9482,0
159,21,(g),-52,56,56,213,213,110,122,-0.1837,4.101,1.376,4.329,0
160,2,(u),-42,258,258,80,80,119,0,-8.66e-15,1.293e-14,13.16,13.16,0
161,2,(u),-41,259,259,166,81,120,0,9.104e-15,-1.332e-14,-38.98,38.98,0
162,2,(u),-44,82,82,260,260,120,0,1.394,0.8999,12.21,12.32,0.33
163,21,(g),-44,83,83,261,261,119,121,0.001227,0.1023,-6.265,6.266,0
164,21,(g),-44,84,84,262,262,121,125,-1.04,-0.3442,0.01429,1.096,0
165,21,(g),-44,85,85,263,263,125,130,-0.01798,-1.161,-0.6748,1.343,0
166,2,(u),-43,161,0,264,264,130,0,-0.3366,0.5035,-31.11,31.11,0.33
167,21,(g),-51,132,0,244,244,139,154,-0.5269,-0.7589,-2.54,2.702,0
168,21,(g),-51,132,0,248,248,154,114,0.7058,-1.441,-5.06,5.308,0
169,21,(g),-52,131,131,182,183,114,145,0.2798,-0.3525,-5.908,5.925,0
170,21,(g),-51,151,0,243,243,138,155,-0.2912,0.3421,-0.186,0.4863,0
171,21,(g),-51,151,0,249,249,155,151,-0.9,-0.5871,0.5731,1.218,0
172,21,(g),-52,152,152,247,247,151,112,0.08637,-0.1038,1.241,1.248,0
173,21,(g),-51,153,0,246,246,112,156,0.4686,0.1828,56.48,56.48,0
174,21,(g),-51,153,0,250,250,156,146,-0.217,0.03777,2.589,2.598,0
175,21,(g),-52,133,133,242,242,146,129,-0.05273,0.984,68.68,68.69,0
176,21,(g),-51,140,0,230,230,157,148,1.385,0.1977,3.207,3.499,0
177,21,(g),-51,140,0,233,233,124,157,0.558,0.3062,0.2377,0.6794,0
178,21,(g),-52,141,141,226,226,109,124,-0.8476,-0.3788,-0.1714,0.9441,0
179,2,(u),-51,35,0,208,208,158,0,-1.983,0.6252,66.71,66.74,0.33
180,21,(g),-51,35,0,220,220,104,158,-0.09767,-0.3398,7.88,7.888,0
181,21,(g),-53,204,204,107,107,104,103,1.654e-12,3.879e-15,348.4,348.4,0
182,2,(u),-51,169,0,245,245,114,0,0.6395,0.04432,-18.83,18.84,0.33
183,-2,(ubar),-51,169,0,251,251,0,145,-0.1123,-0.2771,-22.63,22.64,0.33
184,21,(g),-52,130,130,241,241,145,126,0.5458,0.2641,-78.41,78.41,0
185,-1,(dbar),-41,252,252,190,47,0,117,0,0,4.021,4.021,0
186,-2,(ubar),-42,253,253,48,48,0,116,-1.388e-15,-2.554e-15,-47.67,47.67,0
187,21,(g),-44,136,136,254,254,147,117,1.521,0.7722,-5.702,5.952,0
188,-2,(ubar),-44,138,138,255,255,0,118,-1.376,-0.9884,-40.85,40.89,0.33
189,21,(g),-44,137,137,256,256,118,147,0.1376,0.6616,-0.8339,1.073,0
190,-1,(dbar),-43,185,0,257,257,0,116,-0.2828,-0.4455,3.732,3.784,0.33
191,21,(g),-51,145,0,223,223,148,159,1.984,0.2802,2.64,3.314,0
192,21,(g),-51,145,0,234,234,159,150,1.962,-0.74,3.272,3.886,0
193,21,(g),-52,146,146,231,231,150,106,-0.155,-0.1277,0.1665,0.2608,0
194,21,(g),-51,156,0,199,199,160,143,-2.992,0.6286,-106.9,107,0
195,21,(g),-51,156,0,235,235,108,160,-0.6125,0.01911,-7.534,7.558,0
196,21,(g),-52,155,155,232,232,152,108,-0.5416,-0.5463,-3.098,3.192,0
197,21,(g),-51,122,0,229,229,161,109,-0.005786,-0.3719,-1.587,1.63,0
198,21,(g),-51,122,0,236,236,143,161,-0.4642,0.4451,-14.51,14.53,0
199,21,(g),-52,194,194,224,224,160,143,-2.541,0.5338,-90.81,90.84,0
200,21,(g),-31,275,275,202,203,163,162,0,0,4.029,4.029,0
201,21,(g),-31,276,276,202,203,165,164,0,0,-0.08949,0.08949,0
202,21,(g),-33,200,201,277,277,165,162,0.3914,-0.1278,0.4708,0.6255,0
203,21,(g),-33,200,201,278,278,163,164,-0.3914,0.1278,3.469,3.493,0
204,21,(g),-61,1,0,181,181,104,103,-1.372,0.2398,348.4,348.4,0
205,-2,(ubar),-61,2,0,37,37,0,101,0.744,-1.431,-457.9,457.9,0
206,23,(Z0),-62,27,27,284,285,0,0,-0.5498,-9.258,-14.65,87.14,85.4
207,-2,(ubar),-62,57,57,342,342,0,110,1.281,7.796,0.5188,7.925,0.33
208,2,(u),-62,179,179,349,349,158,0,-2.245,0.6711,66.7,66.74,0.33
209,2,(u),-62,58,58,374,374,123,0,-1.456,-2.498,-7.956,8.471,0.33
210,-2,(ubar),-62,142,142,377,377,0,149,-2.385,-1.648,-377.1,377.1,0.33
211,21,(g),-62,157,157,339,339,153,136,0.871,2.929,2.361,3.862,0
212,-2,(ubar),-62,36,36,368,368,0,101,1.87,-4.47,220.8,220.8,0.33
213,21,(g),-62,159,159,341,341,110,122,-0.1925,4.098,1.368,4.325,0
214,21,(g),-62,144,144,375,375,105,123,1.426,-1.731,-4.832,5.328,0
215,-3,(sbar),-62,124,124,335,335,0,103,-0.3132,0.2614,0.9943,1.185,0.5
216,21,(g),-62,126,126,328,0,136,137,0.3058,0.8385,2.12,2.301,0
217,3,(s),-62,125,125,328,0,137,0,0.4221,1.293,1.817,2.324,0.5
218,21,(g),-62,143,143,376,376,149,105,-0.2704,0.3912,-9.834,9.846,0
219,21,(g),-62,158,158,340,340,122,153,0.7375,0.47,0.3625,0.9467,0
220,21,(g),-62,180,180,350,350,104,158,-0.1287,-0.3344,7.881,7.889,0
221,1,(d),-61,1,0,97,97,103,0,1.06,1.567,34.82,34.87,0
222,21,(g),-61,2,0,98,98,141,107,-0.8298,1.48,-121.5,121.5,0
223,21,(g),-62,191,191,327,0,148,135,2.072,0.4184,2.596,3.348,0
224,21,(g),-62,199,199,492,492,160,143,-3.16,1.641,-90.77,90.84,0
225,21,(g),-62,154,154,325,0,115,125,0.5107,-0.8147,-1.218,1.552,0
226,21,(g),-62,178,178,324,0,109,121,-0.8396,-0.3548,-0.1497,0.9237,0
227,21,(g),-62,103,103,319,0,131,138,-0.3133,1.038,-0.5101,1.198,0
228,1,(d),-62,147,147,479,479,106,0,-0.2102,1.256,23.25,23.28,0.33
229,21,(g),-62,197,197,490,490,161,109,-0.0161,-0.3514,-1.581,1.619,0
230,21,(g),-62,176,176,323,0,157,148,1.485,0.3504,3.176,3.524,0
231,21,(g),-62,193,193,322,0,150,156,-0.1488,-0.1175,0.1713,0.2555,0
232,21,(g),-62,196,196,326,0,152,108,-0.5616,-0.506,-3.079,3.17,0
233,21,(g),-62,177,177,488,488,124,165,0.5704,0.3296,0.222,0.6952,0
234,21,(g),-62,192,192,485,485,159,155,2.069,-0.5753,3.245,3.891,0
235,21,(g),-62,195,195,493,493,108,160,-0.6636,0.1116,-7.523,7.553,0
236,21,(g),-62,198,198,321,0,143,119,-0.5631,0.6225,-14.51,14.54,0
237,21,(g),-61,1,0,74,74,126,126,-3.096,1.091,130.5,130.5,0
238,21,(g),-61,2,0,75,75,129,129,-0.8243,-1.537,-141.6,141.6,0
239,21,(g),-62,114,114,498,498,111,154,0.6134,-0.1954,-10.07,10.09,0
240,21,(g),-62,111,111,422,422,113,118,-1.042,1.366,-2.93,3.397,0
241,21,(g),-62,184,184,441,441,141,114,0.08939,-0.5867,-78.4,78.4,0
242,21,(g),-62,175,175,480,480,146,106,-1.682,1.558,68.67,68.71,0
243,21,(g),-62,170,170,319,0,138,113,-0.2967,0.3397,-0.1919,0.4902,0
244,21,(g),-62,167,167,326,0,139,152,-0.5442,-0.7867,-2.537,2.711,0
245,2,(u),-62,182,182,440,440,114,0,0.5298,-0.16,-18.82,18.83,0.33
246,21,(g),-62,173,173,481,481,112,146,-0.8709,0.655,56.48,56.49,0
247,21,(g),-62,172,172,320,0,151,144,0.05684,-0.09347,1.242,1.247,0
248,21,(g),-62,168,168,497,497,154,142,0.6727,-1.496,-5.039,5.3,0
249,21,(g),-62,171,171,322,0,155,150,-0.9232,-0.5832,0.5707,1.232,0
250,21,(g),-62,174,174,483,483,156,133,-0.2786,0.05939,2.586,2.602,0
251,-2,(ubar),-62,183,183,499,499,0,111,-0.2441,-0.5227,-22.63,22.64,0.33
252,-1,(dbar),-61,1,0,185,185,0,117,-1.998,0.4868,3.78,4.303,0
253,-2,(ubar),-61,2,0,186,186,0,104,-1.326,0.9928,-47.81,47.84,0
254,21,(g),-62,187,187,420,420,147,107,1.305,0.903,-5.408,5.636,0
255,-2,(ubar),-62,188,188,457,457,0,117,-2.528,-0.1303,-41.24,41.32,0.33
256,21,(g),-62,189,189,421,421,118,147,0.05098,0.6962,-0.8445,1.096,0
257,-1,(dbar),-62,190,190,351,351,0,104,-2.151,0.01075,3.463,4.09,0.33
258,2,(u),-61,1,0,160,160,130,0,1.8,0.0575,13.08,13.21,0
259,2,(u),-61,2,0,161,161,101,0,-1.178,1.519,-38.92,38.97,0
260,2,(u),-62,162,162,367,367,101,0,3.068,0.9582,12.04,12.46,0.33
261,21,(g),-62,163,163,321,0,119,161,-0.188,0.3464,-6.254,6.266,0
262,21,(g),-62,164,164,324,0,121,124,-0.9789,-0.3225,0.09279,1.035,0
263,21,(g),-62,165,165,495,495,125,139,-0.003816,-1.121,-0.6939,1.318,0
264,2,(u),-62,166,166,466,466,130,0,-1.275,1.715,-31.02,31.1,0.33
265,21,(g),-61,1,0,93,93,134,134,1.335,-0.5329,69.96,69.98,0
266,21,(g),-61,2,0,94,94,132,132,1.45,0.4367,0.676,1.659,0
267,21,(g),-62,150,150,327,0,135,159,1.894,0.06338,1.936,2.709,0
268,21,(g),-62,127,127,482,482,133,112,0.08699,-0.7209,61.82,61.82,0
269,3,(s),-62,148,148,333,333,144,0,0.4694,-0.2216,2.143,2.261,0.5
270,-3,(sbar),-62,149,149,424,424,0,131,0.3346,0.7829,4.74,4.842,0.5
271,-1,(dbar),-61,1,0,117,117,0,104,0.2864,-3.165,17.5,17.78,0
272,21,(g),-61,2,0,118,118,104,141,1.134,-1.289,-4.387,4.711,0
273,-1,(dbar),-62,119,119,442,442,0,141,0.114,-2.362,17.39,17.55,0.33
274,21,(g),-62,120,120,325,0,142,115,1.307,-2.092,-4.28,4.94,0
275,21,(g),-61,1,0,200,200,164,164,0.4658,-0.4691,4.122,4.175,0
276,21,(g),-61,2,0,201,201,162,162,0.5914,0.335,1.144,1.331,0
277,21,(g),-62,202,202,323,0,165,157,1.061,0.04039,2.291,2.525,0
278,21,(g),-62,203,203,320,0,103,151,-0.004006,-0.1745,2.976,2.981,0
279,2203,(uu_1),-63,1,0,467,467,0,130,1.034,0.2263,204.2,204.2,0.7713
280,1,(d),-63,1,0,456,456,117,0,-0.1538,-0.07001,70.41,70.41,0.33
281,-2,(ubar),-63,1,0,330,330,0,168,0.3791,0.2219,7.427,7.447,0.33
282,1,(d),-63,1,0,329,329,168,0,0.2579,0.3464,72.6,72.61,0.33
283,-2101,(ud_0bar),-63,2,0,419,419,107,0,0.2382,-0.507,-166.6,166.6,0.5793
284,4,(c),-23,206,0,286,287,102,0,4.962,-24.21,-45.83,52.09,1.5
285,-4,(cbar),-23,206,0,288,288,0,102,-5.512,14.95,31.18,35.05,1.5
286,4,(c),-51,284,0,289,290,171,0,-6.929,-7.02,-33.98,35.41,1.5
287,21,(g),-51,284,0,291,291,102,171,11.25,-15.44,-8.192,20.78,0
288,-4,(cbar),-52,285,285,294,294,0,102,-4.866,13.2,27.52,30.95,1.5
289,4,(c),-51,286,0,297,297,172,0,2.177,1.297,-18.19,18.43,1.5
290,21,(g),-51,286,0,295,296,171,172,-5.896,-12.72,-18.13,22.92,0
291,21,(g),-52,287,287,292,293,102,171,8.035,-11.03,-5.853,14.85,0
292,21,(g),-51,291,0,298,299,173,171,4.063,-6.845,-8.054,11.32,0
293,21,(g),-51,291,0,300,300,102,173,3.461,-2.804,5.078,6.755,0
294,-4,(cbar),-52,288,288,301,302,0,102,-4.355,11.82,24.65,27.72,1.5
295,21,(g),-51,290,0,304,305,171,174,-4.679,-12.44,-23.98,27.42,0
296,21,(g),-51,290,0,312,312,174,172,-0.5323,0.1896,0.5814,0.8107,0
297,4,(c),-52,289,289,356,356,172,0,1.492,0.8277,-12.91,13.11,1.5
298,21,(g),-51,292,0,306,306,175,171,2.721,-7.326,-2.284,8.142,0
299,21,(g),-51,292,0,309,309,173,175,2.26,-0.262,-4.422,4.973,0
300,21,(g),-52,293,293,303,303,102,173,2.543,-2.06,3.731,4.963,0
301,-4,(cbar),-51,294,0,397,397,0,176,-3.399,11.65,21.66,24.88,1.5
302,21,(g),-51,294,0,316,317,176,102,-0.5684,-0.1433,3.55,3.598,0
303,21,(g),-52,300,300,318,318,102,173,2.156,-1.746,3.163,4.207,0
304,21,(g),-51,295,0,310,311,177,174,-4.336,-9.438,-16.53,19.52,0
305,21,(g),-51,295,0,389,389,171,177,-0.2224,-3.33,-7.557,8.261,0
306,21,(g),-52,298,298,307,308,175,171,2.601,-7.004,-2.184,7.783,0
307,21,(g),-51,306,0,390,390,178,171,-0.1676,-0.8917,0.001106,0.9074,0
308,21,(g),-51,306,0,315,315,175,178,2.938,-6.132,-2.518,7.251,0
309,21,(g),-52,299,299,313,314,173,175,2.09,-0.2423,-4.089,4.599,0
310,3,(s),-51,304,0,388,388,177,0,-0.395,-2.009,-2.689,3.417,0.5
311,-3,(sbar),-51,304,0,358,358,0,174,-3.983,-7.414,-13.79,16.17,0.5
312,21,(g),-52,296,296,357,357,174,172,-0.4912,0.1749,0.5364,0.7481,0
313,21,(g),-51,309,0,393,393,173,179,0.03571,-0.04566,-1.33,1.331,0
314,21,(g),-51,309,0,392,392,179,175,2.239,-0.5822,-2.918,3.724,0
315,21,(g),-52,308,308,391,391,175,178,2.754,-5.746,-2.359,6.795,0
316,21,(g),-51,302,0,396,396,176,182,-0.3423,-0.1909,3.999,4.018,0
317,21,(g),-51,302,0,395,395,182,102,0.1532,-0.2595,0.1073,0.3199,0
318,21,(g),-52,303,303,394,394,102,173,1.777,-1.439,2.607,3.467,0
319,21,(g),-73,227,243,423,423,131,113,-0.6101,1.378,-0.702,1.688,0.2962
320,21,(g),-73,247,278,334,334,103,144,0.05283,-0.268,4.219,4.229,0.09594
321,21,(g),-73,236,261,491,491,143,161,-0.7512,0.9689,-20.77,20.8,0.1453
322,21,(g),-73,231,249,484,484,155,156,-1.072,-0.7007,0.7419,1.488,0.1495
323,21,(g),-73,230,277,487,487,165,148,2.547,0.3908,5.466,6.048,0.2496
324,21,(g),-73,226,262,489,489,109,124,-1.818,-0.6773,-0.05689,1.958,0.2586
325,21,(g),-73,225,274,496,496,142,125,1.817,-2.907,-5.499,6.492,0.4021
326,21,(g),-73,232,244,494,494,139,108,-1.106,-1.293,-5.615,5.881,0.4025
327,21,(g),-73,223,267,486,486,148,159,3.966,0.4818,4.532,6.057,0.4311
328,3,(s),-73,217,216,338,338,136,0,0.7279,2.131,3.937,4.624,0.9008
329,1,(d),-71,282,282,331,332,168,0,0.2579,0.3464,72.6,72.61,0.33
330,-2,(ubar),-71,281,281,331,332,0,168,0.3791,0.2219,7.427,7.447,0.33
331,111,(pi0),-83,329,330,634,635,0,0,0.3452,0.1123,58.58,58.58,0.135
332,-213,(rho-),-84,329,330,538,539,0,0,0.2919,0.456,21.45,21.47,0.7812
333,3,(s),-71,269,269,336,337,144,0,0.4694,-0.2216,2.143,2.261,0.5
334,21,(g),-71,320,320,336,337,103,144,0.05283,-0.268,4.219,4.229,0.09594
335,-3,(sbar),-71,215,215,336,337,0,103,-0.3132,0.2614,0.9943,1.185,0.5
336,-321,K-,83,333,335,0,0,0,0,0.8886,-0.2451,4.466,4.587,0.4937
337,323,(K*+),-84,333,335,540,541,0,0,-0.6796,0.01697,2.889,3.088,0.8498
338,3,(s),-71,328,328,343,348,136,0,0.7279,2.131,3.937,4.624,0.9008
339,21,(g),-71,211,211,343,348,153,136,0.871,2.929,2.361,3.862,0
340,21,(g),-71,219,219,343,348,122,153,0.7375,0.47,0.3625,0.9467,0
341,21,(g),-71,213,213,343,348,110,122,-0.1925,4.098,1.368,4.325,0
342,-2,(ubar),-71,207,207,343,348,0,110,1.281,7.796,0.5188,7.925,0.33
343,3312,(Xi-),-83,338,342,636,637,0,0,1.105,3.353,4.806,6.108,1.322
344,-3212,(Sigmabar0),-83,338,342,638,639,0,0,0.5775,2.457,1.166,3.025,1.193
345,213,(rho+),-83,338,342,542,543,0,0,0.6181,2.439,1.439,3.069,1.008
346,111,(pi0),-83,338,342,640,641,0,0,0.5645,2.707,-0.03209,2.769,0.135
347,-213,(rho-),-84,338,342,544,545,0,0,0.09478,3.943,1.009,4.135,0.7241
348,111,(pi0),-84,338,342,642,643,0,0,0.4648,2.525,0.1596,2.576,0.135
349,2,(u),-71,208,208,352,355,158,0,-2.245,0.6711,66.7,66.74,0.33
350,21,(g),-71,220,220,352,355,104,158,-0.1287,-0.3344,7.881,7.889,0
351,-1,(dbar),-71,257,257,352,355,0,104,-2.151,0.01075,3.463,4.09,0.33
352,321,K+,83,349,351,0,0,0,0,-0.5541,0.4125,24.25,24.27,0.4937
353,-323,(K*-),-84,349,351,546,547,0,0,-0.8323,-0.4517,18.23,18.27,0.9045
354,213,(rho+),-84,349,351,548,549,0,0,-1.012,0.5643,31.42,31.46,0.8389
355,223,(omega),-84,349,351,644,646,0,0,-2.127,-0.1776,4.145,4.728,0.7863
356,4,(c),-71,297,297,359,366,172,0,1.492,0.8277,-12.91,13.11,1.5
357,21,(g),-71,312,312,359,366,174,172,-0.4912,0.1749,0.5364,0.7481,0
358,-3,(sbar),-71,311,311,359,366,0,174,-3.983,-7.414,-13.79,16.17,0.5
359,421,(D0),-83,356,358,647,651,0,0,1.087,0.2295,-8.67,8.937,1.865
360,223,(omega),-83,356,358,652,654,0,0,-0.06435,0.3716,-0.967,1.302,0.7858
361,111,(pi0),-84,356,358,655,656,0,0,0.3596,0.6456,-2.551,2.66,0.135
362,111,(pi0),-84,356,358,657,658,0,0,-0.3082,-0.6519,-1.045,1.277,0.135
363,221,(eta),-84,356,358,659,661,0,0,-0.2291,-0.1987,-0.3691,0.7268,0.5478
364,321,K+,84,356,358,0,0,0,0,0.03133,-0.2341,-1.023,1.16,0.4937
365,-323,(K*-),-84,356,358,550,551,0,0,-2.589,-3.347,-5.83,7.26,0.9033
366,321,K+,84,356,358,0,0,0,0,-1.269,-3.226,-5.716,6.703,0.4937
367,2,(u),-71,260,260,369,373,101,0,3.068,0.9582,12.04,12.46,0.33
368,-2,(ubar),-71,212,212,369,373,0,101,1.87,-4.47,220.8,220.8,0.33
369,213,(rho+),-83,367,368,552,553,0,0,2.78,0.6375,11.54,11.9,0.7014
370,3114,(Sigma*-),-83,367,368,554,555,0,0,0.1893,-0.2719,23.61,23.66,1.481
371,-3214,(Sigma*bar0),-83,367,368,556,557,0,0,1.89,-3.757,173.8,173.9,1.412
372,211,pi+,84,367,368,0,0,0,0,0.08082,-0.1151,21.96,21.96,0.1396
373,-211,pi-,84,367,368,0,0,0,0,-0.002375,-0.00498,1.89,1.895,0.1396
374,2,(u),-71,209,209,378,387,123,0,-1.456,-2.498,-7.956,8.471,0.33
375,21,(g),-71,214,214,378,387,105,123,1.426,-1.731,-4.832,5.328,0
376,21,(g),-71,218,218,378,387,149,105,-0.2704,0.3912,-9.834,9.846,0
377,-2,(ubar),-71,210,210,378,387,0,149,-2.385,-1.648,-377.1,377.1,0.33
378,111,(pi0),-83,374,377,662,663,0,0,-0.1154,-0.7927,-1.597,1.792,0.135
379,211,pi+,83,374,377,0,0,0,0,0.1041,-0.3124,-1.295,1.344,0.1396
380,223,(omega),-83,374,377,664,666,0,0,-0.6289,-1.088,-4.044,4.307,0.7841
381,111,(pi0),-83,374,377,667,668,0,0,0.4472,-0.07321,-2.202,2.252,0.135
382,-213,(rho-),-83,374,377,558,559,0,0,0.06197,-0.866,-4.657,4.887,1.2
383,221,(eta),-84,374,377,669,671,0,0,0.02226,-0.7886,-2.084,2.295,0.5478
384,321,K+,84,374,377,0,0,0,0,-0.1842,-0.662,-25.16,25.18,0.4937
385,-311,(Kbar0),-84,374,377,560,560,0,0,-0.2553,0.4599,-25.36,25.37,0.4976
386,-211,pi-,84,374,377,0,0,0,0,-0.2002,-0.1854,-26.38,26.38,0.1396
387,113,(rho0),-84,374,377,561,562,0,0,-1.937,-1.177,-307,307,1.043
388,3,(s),-71,310,310,398,418,177,0,-0.395,-2.009,-2.689,3.417,0.5
389,21,(g),-71,305,305,398,418,171,177,-0.2224,-3.33,-7.557,8.261,0
390,21,(g),-71,307,307,398,418,178,171,-0.1676,-0.8917,0.001106,0.9074,0
391,21,(g),-71,315,315,398,418,175,178,2.754,-5.746,-2.359,6.795,0
392,21,(g),-71,314,314,398,418,179,175,2.239,-0.5822,-2.918,3.724,0
393,21,(g),-71,313,313,398,418,173,179,0.03571,-0.04566,-1.33,1.331,0
394,21,(g),-71,318,318,398,418,102,173,1.777,-1.439,2.607,3.467,0
395,21,(g),-71,317,317,398,418,182,102,0.1532,-0.2595,0.1073,0.3199,0
396,21,(g),-71,316,316,398,418,176,182,-0.3423,-0.1909,3.999,4.018,0
397,-4,(cbar),-71,301,301,398,418,0,176,-3.399,11.65,21.66,24.88,1.5
398,-311,(Kbar0),-83,388,397,563,563,0,0,-0.1706,-2.367,-3.851,4.551,0.4976
399,-211,pi-,83,388,397,0,0,0,0,0.2398,-1.076,-2.127,2.4,0.1396
400,211,pi+,83,388,397,0,0,0,0,-0.5368,-0.4889,-0.9384,1.195,0.1396
401,313,(K*0),-83,388,397,564,565,0,0,-0.3288,-1.345,-2.054,2.638,0.9083
402,-311,(Kbar0),-83,388,397,566,566,0,0,0.3831,-1.309,-1.449,2.051,0.4976
403,-211,pi-,83,388,397,0,0,0,0,0.9544,-1.79,-0.8412,2.2,0.1396
404,211,pi+,83,388,397,0,0,0,0,0.2448,-0.01627,0.1391,0.3146,0.1396
405,113,(rho0),-83,388,397,567,568,0,0,0.7798,-1.883,-1.251,2.509,0.7609
406,111,(pi0),-83,388,397,672,673,0,0,0.178,-0.06837,-0.2758,0.3614,0.135
407,-213,(rho-),-83,388,397,569,570,0,0,0.3164,-0.9322,-0.7313,1.408,0.6912
408,223,(omega),-83,388,397,674,676,0,0,0.9636,-1.404,-0.7019,2,0.7795
409,111,(pi0),-84,388,397,677,678,0,0,0.9915,-0.03754,-1.334,1.668,0.135
410,321,K+,84,388,397,0,0,0,0,0.2925,0.01133,-0.7027,0.9073,0.4937
411,-321,K-,84,388,397,0,0,0,0,0.2209,-0.8218,0.2224,1.009,0.4937
412,223,(omega),-84,388,397,679,681,0,0,1.052,0.3938,0.9165,1.648,0.783
413,113,(rho0),-84,388,397,571,572,0,0,-0.1315,-0.8571,1.837,2.176,0.7786
414,111,(pi0),-84,388,397,682,683,0,0,0.3047,0.09794,1.088,1.142,0.135
415,211,pi+,84,388,397,0,0,0,0,-0.1806,0.5418,0.748,0.9514,0.1396
416,-211,pi-,84,388,397,0,0,0,0,0.5491,-0.08874,1.022,1.172,0.1396
417,213,(rho+),-84,388,397,573,574,0,0,-1.214,2.346,4.932,5.76,1.368
418,-413,(D*-),-84,388,397,684,685,0,0,-2.477,8.246,16.88,19.05,2.01
419,-2101,(ud_0bar),-71,283,283,425,439,107,0,0.2382,-0.507,-166.6,166.6,0.5793
420,21,(g),-71,254,254,425,439,147,107,1.305,0.903,-5.408,5.636,0
421,21,(g),-71,256,256,425,439,118,147,0.05098,0.6962,-0.8445,1.096,0
422,21,(g),-71,240,240,425,439,113,118,-1.042,1.366,-2.93,3.397,0
423,21,(g),-71,319,319,425,439,131,113,-0.6101,1.378,-0.702,1.688,0.2962
424,-3,(sbar),-71,270,270,425,439,0,131,0.3346,0.7829,4.74,4.842,0.5
425,-3122,(Lambdabar0),-83,419,424,686,687,0,0,0.5587,-0.03641,-59.4,59.41,1.116
426,-323,(K*-),-83,419,424,575,576,0,0,-0.2298,-0.1934,-72.43,72.44,0.8982
427,211,pi+,83,419,424,0,0,0,0,-0.3104,-0.2825,-17.3,17.3,0.1396
428,311,(K0),-83,419,424,577,577,0,0,0.8424,0.6691,-18.52,18.56,0.4976
429,-313,(K*bar0),-83,419,424,578,579,0,0,-0.1062,0.6568,-3.032,3.287,1.079
430,-213,(rho-),-83,419,424,580,581,0,0,-0.09944,1.171,-1.692,2.201,0.7747
431,111,(pi0),-83,419,424,688,689,0,0,-0.002633,-0.1656,-0.1265,0.2483,0.135
432,211,pi+,83,419,424,0,0,0,0,-0.007661,0.2163,-0.004824,0.2576,0.1396
433,111,(pi0),-83,419,424,690,691,0,0,-0.05948,-0.03553,-0.5644,0.5845,0.135
434,-213,(rho-),-83,419,424,582,583,0,0,0.02141,0.7134,-2.407,2.629,0.778
435,221,(eta),-84,419,424,692,694,0,0,-0.3936,-0.09316,-0.1773,0.7037,0.5478
436,223,(omega),-84,419,424,695,697,0,0,-0.4699,0.7765,0.2215,1.219,0.7834
437,111,(pi0),-84,419,424,698,699,0,0,0.1791,0.9085,1.554,1.814,0.135
438,211,pi+,84,419,424,0,0,0,0,0.1822,-0.1603,0.7593,0.8093,0.1396
439,313,(K*0),-84,419,424,584,585,0,0,0.1719,0.474,1.403,1.767,0.948
440,2,(u),-71,245,245,443,455,114,0,0.5298,-0.16,-18.82,18.83,0.33
441,21,(g),-71,241,241,443,455,141,114,0.08939,-0.5867,-78.4,78.4,0
442,-1,(dbar),-71,273,273,443,455,0,141,0.114,-2.362,17.39,17.55,0.33
443,211,pi+,83,440,442,0,0,0,0,0.5102,-0.5139,-47.29,47.29,0.1396
444,311,(K0),-83,440,442,586,586,0,0,0.02934,0.167,-8.14,8.157,0.4976
445,-321,K-,83,440,442,0,0,0,0,-0.1315,-0.3054,-22.55,22.56,0.4937
446,211,pi+,83,440,442,0,0,0,0,0.3657,0.1318,-5.425,5.441,0.1396
447,111,(pi0),-83,440,442,700,701,0,0,-0.05118,-0.2208,-0.7085,0.756,0.135
448,221,(eta),-83,440,442,702,703,0,0,0.1314,0.2176,-10.69,10.71,0.5478
449,311,(K0),-83,440,442,587,587,0,0,-0.3199,-0.2524,-1.101,1.275,0.4976
450,3322,(Xi0),-84,440,442,704,705,0,0,-0.006318,-0.02024,0.02439,1.315,1.315
451,-3222,(Sigmabar-),-84,440,442,706,707,0,0,-0.04841,-0.07171,0.3045,1.231,1.189
452,211,pi+,84,440,442,0,0,0,0,0.3977,-0.8247,4.567,4.66,0.1396
453,-211,pi-,84,440,442,0,0,0,0,-0.1351,0.1206,0.7285,0.7635,0.1396
454,321,K+,84,440,442,0,0,0,0,-0.1101,-0.8987,4.55,4.666,0.4937
455,-311,(Kbar0),-84,440,442,588,588,0,0,0.1013,-0.638,5.903,5.959,0.4976
456,1,(d),-71,280,280,458,465,117,0,-0.1538,-0.07001,70.41,70.41,0.33
457,-2,(ubar),-71,255,255,458,465,0,117,-2.528,-0.1303,-41.24,41.32,0.33
458,313,(K*0),-83,456,457,589,590,0,0,0.1686,-0.445,52.67,52.68,0.8739
459,333,(phi),-83,456,457,708,709,0,0,-0.01567,0.5314,7.939,8.022,1.022
460,-313,(K*bar0),-83,456,457,591,592,0,0,-0.4205,-0.5051,7.811,7.884,0.8444
461,111,(pi0),-83,456,457,710,711,0,0,0.421,0.3602,1.631,1.728,0.135
462,111,(pi0),-84,456,457,712,713,0,0,-0.4102,0.4576,-0.3969,0.7439,0.135
463,221,(eta),-84,456,457,714,716,0,0,-0.09283,-0.6999,-4.841,4.923,0.5478
464,-211,pi-,84,456,457,0,0,0,0,-0.6051,0.3333,-10.64,10.66,0.1396
465,221,(eta),-84,456,457,717,719,0,0,-1.727,-0.2329,-25.01,25.08,0.5478
466,2,(u),-71,264,264,468,478,130,0,-1.275,1.715,-31.02,31.1,0.33
467,2203,(uu_1),-71,279,279,468,478,0,130,1.034,0.2263,204.2,204.2,0.7713
468,213,(rho+),-83,466,467,593,594,0,0,-0.3091,0.6472,-14.98,15.03,0.9429
469,-213,(rho-),-83,466,467,595,596,0,0,-0.9669,0.8435,-8.155,8.333,1.138
470,211,pi+,83,466,467,0,0,0,0,-0.4345,-0.3895,-4.706,4.744,0.1396
471,3212,(Sigma0),-83,466,467,720,721,0,0,0.6246,0.6342,-2.596,2.992,1.193
472,-3212,(Sigmabar0),-83,466,467,722,723,0,0,0.3786,0.2009,3.146,3.392,1.193
473,2112,n0,83,466,467,0,0,0,0,-0.2585,-0.4299,2.293,2.528,0.9396
474,223,(omega),-84,466,467,724,726,0,0,-0.2396,-0.2212,13.25,13.27,0.8077
475,-2212,pbar-,84,466,467,0,0,0,0,0.1451,0.7405,17.03,17.07,0.9383
476,223,(omega),-84,466,467,727,729,0,0,0.7151,-0.02413,38.41,38.43,0.784
477,213,(rho+),-84,466,467,597,598,0,0,-0.3943,0.1095,43.67,43.68,0.8372
478,2212,p+,84,466,467,0,0,0,0,0.4978,-0.1696,85.84,85.85,0.9383
479,1,(d),-71,228,228,500,537,106,0,-0.2102,1.256,23.25,23.28,0.33
480,21,(g),-71,242,242,500,537,146,106,-1.682,1.558,68.67,68.71,0
481,21,(g),-71,246,246,500,537,112,146,-0.8709,0.655,56.48,56.49,0
482,21,(g),-71,268,268,500,537,133,112,0.08699,-0.7209,61.82,61.82,0
483,21,(g),-71,250,250,500,537,156,133,-0.2786,0.05939,2.586,2.602,0
484,21,(g),-71,322,322,500,537,155,156,-1.072,-0.7007,0.7419,1.488,0.1495
485,21,(g),-71,234,234,500,537,159,155,2.069,-0.5753,3.245,3.891,0
486,21,(g),-71,327,327,500,537,148,159,3.966,0.4818,4.532,6.057,0.4311
487,21,(g),-71,323,323,500,537,165,148,2.547,0.3908,5.466,6.048,0.2496
488,21,(g),-71,233,233,500,537,124,165,0.5704,0.3296,0.222,0.6952,0
489,21,(g),-71,324,324,500,537,109,124,-1.818,-0.6773,-0.05689,1.958,0.2586
490,21,(g),-71,229,229,500,537,161,109,-0.0161,-0.3514,-1.581,1.619,0
491,21,(g),-71,321,321,500,537,143,161,-0.7512,0.9689,-20.77,20.8,0.1453
492,21,(g),-71,224,224,500,537,160,143,-3.16,1.641,-90.77,90.84,0
493,21,(g),-71,235,235,500,537,108,160,-0.6636,0.1116,-7.523,7.553,0
494,21,(g),-71,326,326,500,537,139,108,-1.106,-1.293,-5.615,5.881,0.4025
495,21,(g),-71,263,263,500,537,125,139,-0.003816,-1.121,-0.6939,1.318,0
496,21,(g),-71,325,325,500,537,142,125,1.817,-2.907,-5.499,6.492,0.4021
497,21,(g),-71,248,248,500,537,154,142,0.6727,-1.496,-5.039,5.3,0
498,21,(g),-71,239,239,500,537,111,154,0.6134,-0.1954,-10.07,10.09,0
499,-2,(ubar),-71,251,251,500,537,0,111,-0.2441,-0.5227,-22.63,22.64,0.33
500,111,(pi0),-83,479,499,730,731,0,0,-0.443,1.094,22.46,22.49,0.135
501,221,(eta),-83,479,499,732,734,0,0,-1.257,1.353,67.29,67.31,0.5478
502,113,(rho0),-83,479,499,599,600,0,0,-0.2154,-0.2237,24.83,24.84,0.722
503,221,(eta),-83,479,499,735,736,0,0,-0.0006413,0.4711,27.84,27.84,0.5478
504,-213,(rho-),-83,479,499,601,602,0,0,-0.7832,0.4015,63.97,63.98,1.025
505,211,pi+,83,479,499,0,0,0,0,0.02037,-0.4603,3.25,3.285,0.1396
506,-211,pi-,83,479,499,0,0,0,0,-0.3402,0.1665,1.058,1.133,0.1396
507,211,pi+,83,479,499,0,0,0,0,0.06763,-0.2601,0.4907,0.5766,0.1396
508,-213,(rho-),-83,479,499,603,604,0,0,-0.4897,-0.05366,3.6,3.747,0.9141
509,323,(K*+),-83,479,499,605,606,0,0,1.302,-0.8701,1.274,2.212,0.9048
510,333,(phi),-83,479,499,737,738,0,0,1.401,0.4048,2.345,2.943,1.017
511,-311,(Kbar0),-83,479,499,607,607,0,0,2.561,0.1889,4.026,4.801,0.4976
512,311,(K0),-83,479,499,608,608,0,0,1.486,0.1989,1.351,2.079,0.4976
513,-323,(K*-),-83,479,499,609,610,0,0,0.2077,-0.1582,0.9647,1.318,0.8596
514,213,(rho+),-83,479,499,611,612,0,0,0.5644,0.09013,1.064,1.369,0.6446
515,111,(pi0),-83,479,499,739,740,0,0,-0.03293,-0.03287,1.408,1.415,0.135
516,-211,pi-,83,479,499,0,0,0,0,-0.2996,-0.5274,0.1712,0.6455,0.1396
517,211,pi+,83,479,499,0,0,0,0,-0.1245,0.4615,-1.685,1.757,0.1396
518,-211,pi-,83,479,499,0,0,0,0,-0.02266,-0.1463,0.04658,0.2087,0.1396
519,213,(rho+),-83,479,499,613,614,0,0,-0.2923,0.2128,-4.253,4.479,1.356
520,111,(pi0),-83,479,499,741,742,0,0,-0.2863,-0.1579,-0.6403,0.7315,0.135
521,-211,pi-,84,479,499,0,0,0,0,-1.148,0.5792,-24.72,24.75,0.1396
522,213,(rho+),-84,479,499,615,616,0,0,-0.741,0.423,-29.48,29.5,0.7674
523,311,(K0),-84,479,499,617,617,0,0,-0.3911,0.6789,-12.36,12.4,0.4976
524,-311,(Kbar0),-84,479,499,618,618,0,0,-0.4075,-0.2463,-12.77,12.79,0.4976
525,-211,pi-,84,479,499,0,0,0,0,-0.73,0.7848,-22.42,22.45,0.1396
526,213,(rho+),-84,479,499,619,620,0,0,-1.098,-1.028,-11.26,11.39,0.8155
527,-213,(rho-),-84,479,499,621,622,0,0,-0.1916,0.529,-3.026,3.174,0.777
528,211,pi+,84,479,499,0,0,0,0,-0.4614,-0.5861,-2.034,2.171,0.1396
529,-213,(rho-),-84,479,499,623,624,0,0,-0.0512,-0.9876,-3.31,3.557,0.8478
530,211,pi+,84,479,499,0,0,0,0,0.688,-1.259,-1.951,2.426,0.1396
531,111,(pi0),-84,479,499,743,744,0,0,0.5019,-0.8524,-2.295,2.503,0.135
532,111,(pi0),-84,479,499,745,746,0,0,-0.1987,-0.2809,-1.209,1.265,0.135
533,-213,(rho-),-84,479,499,625,626,0,0,0.5204,-0.6607,-1.098,1.545,0.6897
534,113,(rho0),-84,479,499,627,628,0,0,0.5498,-1.585,-8.72,8.929,0.9363
535,111,(pi0),-84,479,499,747,748,0,0,0.7693,-0.6004,-5.003,5.099,0.135
536,211,pi+,84,479,499,0,0,0,0,0.04252,0.07269,-19.88,19.88,0.1396
537,-211,pi-,84,479,499,0,0,0,0,-0.2109,-0.2418,-2.553,2.576,0.1396
538,-211,pi-,91,332,0,0,0,0,0,0.3331,-0.06648,11.95,11.96,0.1396
539,111,(pi0),-91,332,0,749,750,0,0,-0.04124,0.5225,9.495,9.511,0.135
540,321,K+,91,337,0,0,0,0,0,-0.4277,0.06307,2.587,2.669,0.4937
541,111,(pi0),-91,337,0,751,752,0,0,-0.2519,-0.0461,0.3024,0.4186,0.135
542,211,pi+,91,345,0,0,0,0,0,0.3099,0.2796,0.5623,0.7141,0.1396
543,111,(pi0),-91,345,0,753,754,0,0,0.3082,2.159,0.8768,2.355,0.135
544,-211,pi-,91,347,0,0,0,0,0,0.3817,2.459,0.6069,2.565,0.1396
545,111,(pi0),-91,347,0,755,756,0,0,-0.2869,1.484,0.4025,1.57,0.135
546,-311,(Kbar0),-91,353,0,629,629,0,0,-0.2231,-0.2556,6.208,6.237,0.4976
547,-211,pi-,91,353,0,0,0,0,0,-0.6093,-0.1961,12.02,12.04,0.1396
548,211,pi+,91,354,0,0,0,0,0,0.1086,0.02493,4.293,4.297,0.1396
549,111,(pi0),-91,354,0,757,758,0,0,-1.121,0.5394,27.13,27.16,0.135
550,-311,(Kbar0),-91,365,0,630,630,0,0,-1.082,-1.294,-2.706,3.227,0.4976
551,-211,pi-,91,365,0,0,0,0,0,-1.507,-2.053,-3.124,4.033,0.1396
552,211,pi+,91,369,0,0,0,0,0,0.5756,0.1299,3.605,3.655,0.1396
553,111,(pi0),-91,369,0,759,760,0,0,2.205,0.5076,7.931,8.248,0.135
554,3122,(Lambda0),-91,370,0,761,762,0,0,-0.04727,-0.1214,14.55,14.59,1.116
555,-211,pi-,91,370,0,0,0,0,0,0.2366,-0.1505,9.061,9.067,0.1396
556,-3122,(Lambdabar0),-91,371,0,763,764,0,0,1.308,-2.439,120.9,121,1.116
557,111,(pi0),-91,371,0,765,766,0,0,0.5821,-1.319,52.91,52.93,0.135
558,-211,pi-,91,382,0,0,0,0,0,-0.5223,-0.3408,-1.491,1.622,0.1396
559,111,(pi0),-91,382,0,767,768,0,0,0.5842,-0.5251,-3.165,3.264,0.135
560,310,(K_S0),-91,385,385,769,770,0,0,-0.2553,0.4599,-25.36,25.37,0.4976
561,211,pi+,91,387,0,0,0,0,0,-1.619,-1.11,-202.9,203,0.1396
562,-211,pi-,91,387,0,0,0,0,0,-0.3182,-0.0671,-104,104,0.1396
563,130,K_L0,91,398,398,0,0,0,0,-0.1706,-2.367,-3.851,4.551,0.4976
564,321,K+,91,401,0,0,0,0,0,-0.5006,-0.7961,-1.381,1.742,0.4937
565,-211,pi-,91,401,0,0,0,0,0,0.1718,-0.5488,-0.6735,0.8965,0.1396
566,310,(K_S0),-91,402,402,771,772,0,0,0.3831,-1.309,-1.449,2.051,0.4976
567,211,pi+,91,405,0,0,0,0,0,0.7498,-1.119,-0.5457,1.46,0.1396
568,-211,pi-,91,405,0,0,0,0,0,0.03002,-0.7634,-0.7052,1.049,0.1396
569,-211,pi-,91,407,0,0,0,0,0,0.5038,-0.5905,-0.5162,0.9426,0.1396
570,111,(pi0),-91,407,0,773,774,0,0,-0.1874,-0.3417,-0.2151,0.4652,0.135
571,211,pi+,91,413,0,0,0,0,0,-0.1864,-0.9406,1.371,1.679,0.1396
572,-211,pi-,91,413,0,0,0,0,0,0.05488,0.08345,0.4664,0.497,0.1396
573,211,pi+,91,417,0,0,0,0,0,-0.4461,1.621,4.013,4.354,0.1396
574,111,(pi0),-91,417,0,775,776,0,0,-0.7678,0.7248,0.9186,1.406,0.135
575,-321,K-,91,426,0,0,0,0,0,-0.08113,0.165,-35.56,35.56,0.4937
576,111,(pi0),-91,426,0,777,779,0,0,-0.1487,-0.3584,-36.88,36.88,0.135
577,130,K_L0,91,428,428,0,0,0,0,0.8424,0.6691,-18.52,18.56,0.4976
578,-311,(Kbar0),-91,429,0,631,631,0,0,0.3311,0.5107,-1.952,2.104,0.4976
579,111,(pi0),-91,429,0,780,781,0,0,-0.4374,0.1462,-1.08,1.182,0.135
580,-211,pi-,91,430,0,0,0,0,0,-0.2175,1,-0.8965,1.368,0.1396
581,111,(pi0),-91,430,0,782,783,0,0,0.118,0.171,-0.7956,0.8333,0.135
582,-211,pi-,91,434,0,0,0,0,0,-0.2213,0.5832,-0.9892,1.178,0.1396
583,111,(pi0),-91,434,0,784,785,0,0,0.2427,0.1302,-1.418,1.451,0.135
584,321,K+,91,439,0,0,0,0,0,-0.01098,0.07292,0.3302,0.5985,0.4937
585,-211,pi-,91,439,0,0,0,0,0,0.1829,0.4011,1.073,1.168,0.1396
586,130,K_L0,91,444,444,0,0,0,0,0.02934,0.167,-8.14,8.157,0.4976
587,310,(K_S0),-91,449,449,786,787,0,0,-0.3199,-0.2524,-1.101,1.275,0.4976
588,130,K_L0,91,455,455,0,0,0,0,0.1013,-0.638,5.903,5.959,0.4976
589,311,(K0),-91,458,0,632,632,0,0,0.2441,-0.3918,49.88,49.88,0.4976
590,111,(pi0),-91,458,0,788,789,0,0,-0.07552,-0.05317,2.796,2.801,0.135
591,-321,K-,91,460,0,0,0,0,0,-0.4135,-0.1895,3.863,3.921,0.4937
592,211,pi+,91,460,0,0,0,0,0,-0.006976,-0.3156,3.948,3.963,0.1396
593,211,pi+,91,468,0,0,0,0,0,-0.1729,0.8407,-9.403,9.443,0.1396
594,111,(pi0),-91,468,0,790,791,0,0,-0.1363,-0.1934,-5.581,5.588,0.135
595,-211,pi-,91,469,0,0,0,0,0,-1.131,0.5234,-4.994,5.149,0.1396
596,111,(pi0),-91,469,0,792,793,0,0,0.1642,0.3201,-3.161,3.184,0.135
597,211,pi+,91,477,0,0,0,0,0,-0.6247,0.1601,30.52,30.53,0.1396
598,111,(pi0),-91,477,0,794,795,0,0,0.2304,-0.05056,13.15,13.15,0.135
599,211,pi+,91,502,0,0,0,0,0,0.06945,-0.3727,16.7,16.71,0.1396
600,-211,pi-,91,502,0,0,0,0,0,-0.2848,0.149,8.125,8.133,0.1396
601,-211,pi-,91,504,0,0,0,0,0,-0.4381,0.7241,38.99,39,0.1396
602,111,(pi0),-91,504,0,796,797,0,0,-0.3452,-0.3225,24.98,24.99,0.135
603,-211,pi-,91,508,0,0,0,0,0,-0.1788,-0.4405,1.331,1.421,0.1396
604,111,(pi0),-91,508,0,798,799,0,0,-0.3109,0.3868,2.269,2.326,0.135
605,321,K+,91,509,0,0,0,0,0,0.6304,-0.702,0.5389,1.193,0.4937
606,111,(pi0),-91,509,0,800,801,0,0,0.6718,-0.1681,0.7352,1.019,0.135
607,130,K_L0,91,511,511,0,0,0,0,2.561,0.1889,4.026,4.801,0.4976
608,130,K_L0,91,512,512,0,0,0,0,1.486,0.1989,1.351,2.079,0.4976
609,-311,(Kbar0),-91,513,0,633,633,0,0,0.0876,0.07921,0.3104,0.5983,0.4976
610,-211,pi-,91,513,0,0,0,0,0,0.1201,-0.2374,0.6543,0.7199,0.1396
611,211,pi+,91,514,0,0,0,0,0,0.161,0.08362,0.006342,0.229,0.1396
612,111,(pi0),-91,514,0,802,803,0,0,0.4034,0.006511,1.058,1.14,0.135
613,211,pi+,91,519,0,0,0,0,0,-0.3573,0.244,-0.3532,0.5757,0.1396
614,111,(pi0),-91,519,0,804,805,0,0,0.06503,-0.03119,-3.9,3.903,0.135
615,211,pi+,91,522,0,0,0,0,0,-0.484,0.3615,-9.543,9.563,0.1396
616,111,(pi0),-91,522,0,806,807,0,0,-0.2569,0.06155,-19.94,19.94,0.135
617,310,(K_S0),-91,523,523,808,809,0,0,-0.3911,0.6789,-12.36,12.4,0.4976
618,130,K_L0,91,524,524,0,0,0,0,-0.4075,-0.2463,-12.77,12.79,0.4976
619,211,pi+,91,526,0,0,0,0,0,-0.1764,0.07811,-2.43,2.441,0.1396
620,111,(pi0),-91,526,0,810,811,0,0,-0.9218,-1.106,-8.833,8.951,0.135
621,-211,pi-,91,527,0,0,0,0,0,-0.4466,0.4641,-1.942,2.051,0.1396
622,111,(pi0),-91,527,0,812,813,0,0,0.2551,0.0649,-1.084,1.123,0.135
623,-211,pi-,91,529,0,0,0,0,0,0.08403,-0.1854,-1.958,1.973,0.1396
624,111,(pi0),-91,529,0,814,815,0,0,-0.1352,-0.8022,-1.352,1.584,0.135
625,-211,pi-,91,533,0,0,0,0,0,0.0742,-0.5335,-0.8109,0.9834,0.1396
626,111,(pi0),-91,533,0,816,817,0,0,0.4462,-0.1272,-0.2869,0.562,0.135
627,211,pi+,91,534,0,0,0,0,0,0.0117,-1.246,-6.268,6.393,0.1396
628,-211,pi-,91,534,0,0,0,0,0,0.5381,-0.3393,-2.452,2.537,0.1396
629,130,K_L0,91,546,546,0,0,0,0,-0.2231,-0.2556,6.208,6.237,0.4976
630,310,(K_S0),-91,550,550,818,819,0,0,-1.082,-1.294,-2.706,3.227,0.4976
631,310,(K_S0),-91,578,578,820,821,0,0,0.3311,0.5107,-1.952,2.104,0.4976
632,130,K_L0,91,589,589,0,0,0,0,0.2441,-0.3918,49.88,49.88,0.4976
633,130,K_L0,91,609,609,0,0,0,0,0.0876,0.07921,0.3104,0.5983,0.4976
634,22,gamma,91,331,0,0,0,0,0,0.06063,0.04501,21.28,21.28,0
635,22,gamma,91,331,0,0,0,0,0,0.2846,0.0673,37.3,37.3,0
636,3122,(Lambda0),-91,343,0,822,823,0,0,0.7602,2.641,3.814,4.832,1.116
637,-211,pi-,91,343,0,0,0,0,0,0.3447,0.7128,0.9917,1.277,0.1396
638,-3122,(Lambdabar0),-91,344,0,824,825,0,0,0.5378,2.39,1.19,2.943,1.116
639,22,gamma,91,344,0,0,0,0,0,0.03968,0.06707,-0.02491,0.08181,0
640,22,gamma,91,346,0,0,0,0,0,0.01485,0.02165,0.00782,0.0274,0
641,22,gamma,91,346,0,0,0,0,0,0.5496,2.685,-0.03991,2.741,0
642,22,gamma,91,348,0,0,0,0,0,0.3929,2.279,0.1745,2.319,0
643,22,gamma,91,348,0,0,0,0,0,0.07187,0.246,-0.01494,0.2568,0
644,211,pi+,91,355,0,0,0,0,0,-0.3605,0.1631,0.6701,0.7906,0.1396
645,-211,pi-,91,355,0,0,0,0,0,-0.3739,-0.1973,0.8227,0.9354,0.1396
646,111,(pi0),-91,355,0,826,827,0,0,-1.392,-0.1433,2.652,3.002,0.135
647,311,(K0),-91,359,0,828,828,0,0,0.5874,-0.2777,-3.548,3.641,0.4976
648,211,pi+,91,359,0,0,0,0,0,0.1458,0.1634,-0.8139,0.8543,0.1396
649,-211,pi-,91,359,0,0,0,0,0,0.1115,-0.09496,-0.6319,0.6635,0.1396
650,111,(pi0),-91,359,0,829,830,0,0,-0.2198,0.1713,-1.021,1.067,0.135
651,111,(pi0),-91,359,0,831,832,0,0,0.4621,0.2675,-2.655,2.712,0.135
652,211,pi+,91,360,0,0,0,0,0,-0.2176,0.213,-0.3426,0.4792,0.1396
653,-211,pi-,91,360,0,0,0,0,0,0.0844,0.07661,-0.005536,0.1803,0.1396
654,111,(pi0),-91,360,0,833,834,0,0,0.06887,0.08202,-0.6188,0.6424,0.135
655,22,gamma,91,361,0,0,0,0,0,0.06904,0.13,-0.3407,0.3712,0
656,22,gamma,91,361,0,0,0,0,0,0.2905,0.5156,-2.211,2.289,0
657,22,gamma,91,362,0,0,0,0,0,-0.11,-0.3874,-0.553,0.684,0
658,22,gamma,91,362,0,0,0,0,0,-0.1981,-0.2645,-0.492,0.5927,0
659,111,(pi0),-91,363,0,835,836,0,0,0.0057,-0.01008,-0.09227,0.1639,0.135
660,111,(pi0),-91,363,0,837,838,0,0,-0.1211,-0.1715,-0.293,0.3849,0.135
661,111,(pi0),-91,363,0,839,841,0,0,-0.1137,-0.01707,0.01619,0.178,0.135
662,22,gamma,91,378,0,0,0,0,0,-0.009629,-0.5149,-1.026,1.148,0
663,22,gamma,91,378,0,0,0,0,0,-0.1058,-0.2778,-0.5714,0.6441,0
664,211,pi+,91,380,0,0,0,0,0,-0.2166,-0.062,-0.5171,0.581,0.1396
665,-211,pi-,91,380,0,0,0,0,0,-0.05773,-0.234,-1.347,1.376,0.1396
666,111,(pi0),-91,380,0,842,843,0,0,-0.3546,-0.7925,-2.18,2.351,0.135
667,22,gamma,91,381,0,0,0,0,0,0.1752,-0.09612,-0.9423,0.9633,0
668,22,gamma,91,381,0,0,0,0,0,0.272,0.02291,-1.259,1.288,0
669,111,(pi0),-91,383,0,844,845,0,0,0.04584,-0.08704,-0.184,0.2485,0.135
670,111,(pi0),-91,383,0,846,847,0,0,-0.06351,-0.3782,-1.045,1.121,0.135
671,111,(pi0),-91,383,0,848,849,0,0,0.03993,-0.3233,-0.8555,0.9253,0.135
672,22,gamma,91,406,0,0,0,0,0,0.019,0.01449,0.008475,0.02535,0
673,22,gamma,91,406,0,0,0,0,0,0.159,-0.08286,-0.2842,0.3361,0
674,211,pi+,91,408,0,0,0,0,0,0.3113,-0.4497,-0.2201,0.6059,0.1396
675,-211,pi-,91,408,0,0,0,0,0,0.4039,-0.1513,-0.1182,0.4685,0.1396
676,111,(pi0),-91,408,0,850,851,0,0,0.2484,-0.8028,-0.3635,0.9255,0.135
677,22,gamma,91,409,0,0,0,0,0,0.8359,0.004355,-1.172,1.439,0
678,22,gamma,91,409,0,0,0,0,0,0.1556,-0.0419,-0.1625,0.2288,0
679,211,pi+,91,412,0,0,0,0,0,0.5236,0.06567,0.3406,0.6434,0.1396
680,-211,pi-,91,412,0,0,0,0,0,0.09178,0.003658,0.372,0.4078,0.1396
681,111,(pi0),-91,412,0,852,853,0,0,0.437,0.3245,0.2039,0.5967,0.135
682,22,gamma,91,414,0,0,0,0,0,0.1429,0.1152,0.5316,0.5624,0
683,22,gamma,91,414,0,0,0,0,0,0.1618,-0.01727,0.5562,0.5795,0
684,-421,(Dbar0),-91,418,0,854,856,0,0,-2.311,7.78,15.92,17.97,1.865
685,-211,pi-,91,418,0,0,0,0,0,-0.1654,0.4658,0.9577,1.087,0.1396
686,-2112,nbar0,91,425,0,0,0,0,0,0.4778,0.04373,-46.88,46.89,0.9396
687,111,(pi0),-91,425,0,857,858,0,0,0.08087,-0.08014,-12.52,12.52,0.135
688,22,gamma,91,431,0,0,0,0,0,-0.05759,-0.04057,-0.01508,0.07204,0
689,22,gamma,91,431,0,0,0,0,0,0.05495,-0.125,-0.1114,0.1763,0
690,22,gamma,91,433,0,0,0,0,0,-0.05639,0.0277,-0.4439,0.4483,0
691,22,gamma,91,433,0,0,0,0,0,-0.003089,-0.06323,-0.1205,0.1362,0
692,211,pi+,91,435,0,0,0,0,0,-0.1035,0.1053,0.01144,0.2035,0.1396
693,-211,pi-,91,435,0,0,0,0,0,-0.2122,-0.07801,-0.09648,0.2827,0.1396
694,111,(pi0),-91,435,0,859,860,0,0,-0.07791,-0.1205,-0.09225,0.2175,0.135
695,211,pi+,91,436,0,0,0,0,0,-0.188,0.592,0.01252,0.6367,0.1396
696,-211,pi-,91,436,0,0,0,0,0,-0.1077,0.1203,0.2708,0.3448,0.1396
697,111,(pi0),-91,436,0,861,862,0,0,-0.1742,0.06427,-0.06185,0.2378,0.135
698,22,gamma,91,437,0,0,0,0,0,0.04813,0.3143,0.4165,0.524,0
699,22,gamma,91,437,0,0,0,0,0,0.131,0.5943,1.137,1.29,0
700,22,gamma,91,447,0,0,0,0,0,0.02501,-0.1709,-0.4645,0.4956,0
701,22,gamma,91,447,0,0,0,0,0,-0.07619,-0.0499,-0.244,0.2604,0
702,22,gamma,91,448,0,0,0,0,0,0.2193,0.2967,-4.257,4.273,0
703,22,gamma,91,448,0,0,0,0,0,-0.08782,-0.07913,-6.435,6.437,0
704,3122,(Lambda0),-91,450,0,863,864,0,0,0.06247,-0.03845,-0.09414,1.122,1.116
705,111,(pi0),-91,450,0,865,866,0,0,-0.06878,0.01821,0.1185,0.1932,0.135
706,-2212,pbar-,91,451,0,0,0,0,0,-0.1412,0.05481,0.3603,1.016,0.9383
707,111,(pi0),-91,451,0,867,868,0,0,0.09276,-0.1265,-0.05581,0.2144,0.135
708,213,(rho+),-91,459,0,869,870,0,0,0.1021,0.4899,6.07,6.143,0.8067
709,-211,pi-,91,459,0,0,0,0,0,-0.1178,0.04159,1.869,1.879,0.1396
710,22,gamma,91,461,0,0,0,0,0,0.1543,0.09867,0.7264,0.7492,0
711,22,gamma,91,461,0,0,0,0,0,0.2667,0.2615,0.9045,0.9786,0
712,22,gamma,91,462,0,0,0,0,0,-0.2695,0.3715,-0.2478,0.5216,0
713,22,gamma,91,462,0,0,0,0,0,-0.1406,0.08612,-0.1491,0.2223,0
714,211,pi+,91,463,0,0,0,0,0,-0.01215,-0.5,-2.339,2.396,0.1396
715,-211,pi-,91,463,0,0,0,0,0,-0.004146,-0.1464,-2.232,2.242,0.1396
716,22,gamma,91,463,0,0,0,0,0,-0.07653,-0.05352,-0.27,0.2857,0
717,211,pi+,91,465,0,0,0,0,0,-0.2505,0.03075,-4.307,4.316,0.1396
718,-211,pi-,91,465,0,0,0,0,0,-1.001,-0.2074,-12.95,12.99,0.1396
719,111,(pi0),-91,465,0,871,872,0,0,-0.4757,-0.05618,-7.753,7.769,0.135
720,3122,(Lambda0),-91,471,0,873,874,0,0,0.6337,0.6646,-2.463,2.856,1.116
721,22,gamma,91,471,0,0,0,0,0,-0.009125,-0.03043,-0.1328,0.1365,0
722,-3122,(Lambdabar0),-91,472,0,875,876,0,0,0.3625,0.1176,2.991,3.215,1.116
723,22,gamma,91,472,0,0,0,0,0,0.01608,0.08324,0.1547,0.1764,0
724,211,pi+,91,474,0,0,0,0,0,0.0531,-0.2131,5.425,5.431,0.1396
725,-211,pi-,91,474,0,0,0,0,0,-0.1418,-0.1594,1.906,1.923,0.1396
726,111,(pi0),-91,474,0,877,878,0,0,-0.1509,0.1513,5.915,5.92,0.135
727,211,pi+,91,476,0,0,0,0,0,0.06137,-0.03237,2.001,2.007,0.1396
728,-211,pi-,91,476,0,0,0,0,0,0.1777,0.1423,15.62,15.62,0.1396
729,111,(pi0),-91,476,0,879,880,0,0,0.476,-0.134,20.8,20.8,0.135
730,22,gamma,91,500,0,0,0,0,0,-0.1962,0.6435,12.16,12.18,0
731,22,gamma,91,500,0,0,0,0,0,-0.2468,0.4502,10.29,10.31,0
732,211,pi+,91,501,0,0,0,0,0,-0.2485,0.2477,9.986,9.993,0.1396
733,-211,pi-,91,501,0,0,0,0,0,-0.76,0.7846,42.41,42.42,0.1396
734,111,(pi0),-91,501,0,881,882,0,0,-0.2484,0.3206,14.89,14.9,0.135
735,22,gamma,91,503,0,0,0,0,0,0.06944,-0.03277,0.6359,0.6405,0
736,22,gamma,91,503,0,0,0,0,0,-0.07008,0.5039,27.2,27.2,0
737,321,K+,91,510,0,0,0,0,0,0.8873,0.2114,1.296,1.66,0.4937
738,-321,K-,91,510,0,0,0,0,0,0.5134,0.1934,1.05,1.283,0.4937
739,22,gamma,91,515,0,0,0,0,0,-0.07363,0.007494,1.055,1.058,0
740,22,gamma,91,515,0,0,0,0,0,0.0407,-0.04036,0.3526,0.3572,0
741,22,gamma,91,520,0,0,0,0,0,-0.0766,-0.02912,-0.06117,0.1023,0
742,22,gamma,91,520,0,0,0,0,0,-0.2097,-0.1287,-0.5792,0.6293,0
743,22,gamma,91,531,0,0,0,0,0,0.3555,-0.6821,-1.871,2.023,0
744,22,gamma,91,531,0,0,0,0,0,0.1465,-0.1703,-0.4241,0.4799,0
745,22,gamma,91,532,0,0,0,0,0,-0.2057,-0.214,-0.89,0.9382,0
746,22,gamma,91,532,0,0,0,0,0,0.007079,-0.06697,-0.3195,0.3265,0
747,22,gamma,91,535,0,0,0,0,0,0.2438,-0.2412,-1.5,1.539,0
748,22,gamma,91,535,0,0,0,0,0,0.5255,-0.3592,-3.503,3.561,0
749,22,gamma,91,539,0,0,0,0,0,-0.005791,0.3412,7.155,7.163,0
750,22,gamma,91,539,0,0,0,0,0,-0.03545,0.1813,2.341,2.348,0
751,22,gamma,91,541,0,0,0,0,0,-0.04832,0.01273,0.0007504,0.04998,0
752,22,gamma,91,541,0,0,0,0,0,-0.2036,-0.05883,0.3017,0.3687,0
753,22,gamma,91,543,0,0,0,0,0,0.05221,0.8041,0.3018,0.8604,0
754,22,gamma,91,543,0,0,0,0,0,0.256,1.355,0.575,1.494,0
755,22,gamma,91,545,0,0,0,0,0,-0.2383,1.4,0.368,1.467,0
756,22,gamma,91,545,0,0,0,0,0,-0.0486,0.08448,0.03443,0.1034,0
757,22,gamma,91,549,0,0,0,0,0,-0.1314,0.01758,2.856,2.859,0
758,22,gamma,91,549,0,0,0,0,0,-0.9896,0.5218,24.27,24.3,0
759,22,gamma,91,553,0,0,0,0,0,0.5552,0.1632,1.858,1.946,0
760,22,gamma,91,553,0,0,0,0,0,1.649,0.3444,6.073,6.302,0
761,2212,p+,91,554,0,0,0,0,0,0.02816,-0.1268,13.21,13.25,0.9383
762,-211,pi-,91,554,0,0,0,0,0,-0.07543,0.005389,1.338,1.348,0.1396
763,-2112,nbar0,91,556,0,0,0,0,0,0.9646,-1.955,94.66,94.69,0.9396
764,111,(pi0),-91,556,0,883,884,0,0,0.3431,-0.4833,26.26,26.27,0.135
765,22,gamma,91,557,0,0,0,0,0,0.09933,-0.2718,12.6,12.6,0
766,22,gamma,91,557,0,0,0,0,0,0.4828,-1.047,40.32,40.33,0
767,22,gamma,91,559,0,0,0,0,0,0.0527,-0.1123,-0.491,0.5064,0
768,22,gamma,91,559,0,0,0,0,0,0.5315,-0.4129,-2.674,2.758,0
769,211,pi+,91,560,0,0,0,0,0,0.08819,0.05257,-6.168,6.171,0.1396
770,-211,pi-,91,560,0,0,0,0,0,-0.3435,0.4073,-19.19,19.2,0.1396
771,111,(pi0),-91,566,0,885,886,0,0,0.2639,-0.3678,-0.6503,0.8038,0.135
772,111,(pi0),-91,566,0,887,888,0,0,0.1191,-0.9409,-0.799,1.247,0.135
773,22,gamma,91,570,0,0,0,0,0,-0.1362,-0.2061,-0.2029,0.3196,0
774,22,gamma,91,570,0,0,0,0,0,-0.05122,-0.1357,-0.01219,0.1455,0
775,22,gamma,91,574,0,0,0,0,0,-0.2315,0.1453,0.2701,0.3843,0
776,22,gamma,91,574,0,0,0,0,0,-0.5363,0.5795,0.6484,1.022,0
777,22,gamma,91,576,0,0,0,0,0,-0.04581,-0.2439,-26.25,26.26,0
778,11,e-,91,576,0,0,0,0,0,-0.07249,-0.08221,-7.539,7.54,0.000511
779,-11,e+,91,576,0,0,0,0,0,-0.03038,-0.03231,-3.084,3.084,0.000511
780,22,gamma,91,579,0,0,0,0,0,-0.2296,0.01123,-0.4556,0.5103,0
781,22,gamma,91,579,0,0,0,0,0,-0.2078,0.1349,-0.6248,0.6722,0
782,22,gamma,91,581,0,0,0,0,0,-0.009408,0.08894,-0.2072,0.2257,0
783,22,gamma,91,581,0,0,0,0,0,0.1275,0.08205,-0.5884,0.6076,0
784,22,gamma,91,583,0,0,0,0,0,0.2066,0.07737,-0.8125,0.8419,0
785,22,gamma,91,583,0,0,0,0,0,0.03609,0.05284,-0.6057,0.6091,0
786,211,pi+,91,587,0,0,0,0,0,-0.002891,-0.0778,-0.07182,0.1752,0.1396
787,-211,pi-,91,587,0,0,0,0,0,-0.317,-0.1746,-1.03,1.1,0.1396
788,22,gamma,91,590,0,0,0,0,0,0.0119,-0.02122,1.861,1.861,0
789,22,gamma,91,590,0,0,0,0,0,-0.08742,-0.03195,0.9353,0.9399,0
790,22,gamma,91,594,0,0,0,0,0,-0.1636,-0.1627,-4.859,4.865,0
791,22,gamma,91,594,0,0,0,0,0,0.02731,-0.03074,-0.7222,0.7233,0
792,22,gamma,91,596,0,0,0,0,0,0.1026,0.3035,-2.612,2.632,0
793,22,gamma,91,596,0,0,0,0,0,0.06156,0.01657,-0.5489,0.5526,0
794,22,gamma,91,598,0,0,0,0,0,0.1745,-0.0792,11.52,11.52,0
795,22,gamma,91,598,0,0,0,0,0,0.05599,0.02864,1.625,1.626,0
796,22,gamma,91,602,0,0,0,0,0,-0.1417,-0.2053,10.75,10.76,0
797,22,gamma,91,602,0,0,0,0,0,-0.2034,-0.1172,14.23,14.23,0
798,22,gamma,91,604,0,0,0,0,0,-0.08543,0.1728,1.109,1.125,0
799,22,gamma,91,604,0,0,0,0,0,-0.2254,0.214,1.16,1.201,0
800,22,gamma,91,606,0,0,0,0,0,0.3701,-0.03326,0.4395,0.5755,0
801,22,gamma,91,606,0,0,0,0,0,0.3017,-0.1348,0.2957,0.4435,0
802,22,gamma,91,612,0,0,0,0,0,0.306,-0.05405,0.7761,0.836,0
803,22,gamma,91,612,0,0,0,0,0,0.09745,0.06056,0.2819,0.3043,0
804,22,gamma,91,614,0,0,0,0,0,0.04831,0.001011,-0.4136,0.4165,0
805,22,gamma,91,614,0,0,0,0,0,0.01672,-0.0322,-3.487,3.487,0
806,22,gamma,91,616,0,0,0,0,0,-0.04868,0.05365,-8.5,8.501,0
807,22,gamma,91,616,0,0,0,0,0,-0.2083,0.007904,-11.44,11.44,0
808,111,(pi0),-91,617,0,889,890,0,0,-0.1174,0.5516,-8.97,8.988,0.135
809,111,(pi0),-91,617,0,891,892,0,0,-0.2737,0.1273,-3.395,3.411,0.135
810,22,gamma,91,620,0,0,0,0,0,-0.3836,-0.3599,-3.157,3.2,0
811,22,gamma,91,620,0,0,0,0,0,-0.5382,-0.7461,-5.677,5.751,0
812,22,gamma,91,622,0,0,0,0,0,0.2453,0.05177,-0.7821,0.8213,0
813,22,gamma,91,622,0,0,0,0,0,0.009774,0.01313,-0.3016,0.3021,0
814,22,gamma,91,624,0,0,0,0,0,-0.08181,-0.6116,-0.9118,1.101,0
815,22,gamma,91,624,0,0,0,0,0,-0.05342,-0.1906,-0.4406,0.483,0
816,22,gamma,91,626,0,0,0,0,0,0.07277,-0.02744,-0.1153,0.139,0
817,22,gamma,91,626,0,0,0,0,0,0.3734,-0.09979,-0.1717,0.4229,0
818,111,(pi0),-91,630,0,893,894,0,0,-0.6704,-0.4771,-1.304,1.548,0.135
819,111,(pi0),-91,630,0,895,896,0,0,-0.4117,-0.817,-1.402,1.679,0.135
820,111,(pi0),-91,631,0,897,898,0,0,0.03589,0.428,-1.068,1.159,0.135
821,111,(pi0),-91,631,0,899,901,0,0,0.2952,0.08265,-0.8843,0.9456,0.135
822,2112,n0,91,636,0,0,0,0,0,0.5739,2.333,3.262,4.159,0.9396
823,111,(pi0),-91,636,0,902,903,0,0,0.1863,0.3072,0.5524,0.6727,0.135
824,-2212,pbar-,91,638,0,0,0,0,0,0.4749,1.893,0.8784,2.337,0.9383
825,211,pi+,91,638,0,0,0,0,0,0.06293,0.4968,0.3121,0.6063,0.1396
826,22,gamma,91,646,0,0,0,0,0,-0.2576,-0.07534,0.5529,0.6147,0
827,22,gamma,91,646,0,0,0,0,0,-1.135,-0.06797,2.099,2.387,0
828,310,(K_S0),-91,647,647,904,905,0,0,0.5874,-0.2777,-3.548,3.641,0.4976
829,22,gamma,91,650,0,0,0,0,0,-0.198,0.09719,-0.6082,0.6469,0
830,22,gamma,91,650,0,0,0,0,0,-0.02187,0.07409,-0.4131,0.4203,0
831,22,gamma,91,651,0,0,0,0,0,0.4122,0.2273,-2.061,2.114,0
832,22,gamma,91,651,0,0,0,0,0,0.0499,0.04021,-0.5942,0.5976,0
833,22,gamma,91,654,0,0,0,0,0,0.05245,-0.0161,-0.3755,0.3795,0
834,22,gamma,91,654,0,0,0,0,0,0.01643,0.09812,-0.2433,0.2629,0
835,22,gamma,91,659,0,0,0,0,0,0.01119,-0.0299,0.02765,0.04224,0
836,22,gamma,91,659,0,0,0,0,0,-0.005493,0.01982,-0.1199,0.1217,0
837,22,gamma,91,660,0,0,0,0,0,-0.1397,-0.1478,-0.2905,0.3546,0
838,22,gamma,91,660,0,0,0,0,0,0.01865,-0.02375,-0.00252,0.0303,0
839,22,gamma,91,661,0,0,0,0,0,-0.01694,-0.03322,0.05865,0.0695,0
840,11,e-,91,661,0,0,0,0,0,-0.0261,-0.00334,-0.01494,0.03027,0.000511
841,-11,e+,91,661,0,0,0,0,0,-0.07062,0.01949,-0.02751,0.07826,0.000511
842,22,gamma,91,666,0,0,0,0,0,-0.006159,-0.1296,-0.3206,0.3458,0
843,22,gamma,91,666,0,0,0,0,0,-0.3485,-0.6629,-1.86,2.005,0
844,22,gamma,91,669,0,0,0,0,0,-0.003326,0.0002068,0.02052,0.02079,0
845,22,gamma,91,669,0,0,0,0,0,0.04916,-0.08725,-0.2045,0.2277,0
846,22,gamma,91,670,0,0,0,0,0,-0.104,-0.2431,-0.6415,0.6939,0
847,22,gamma,91,670,0,0,0,0,0,0.04054,-0.1352,-0.4032,0.4271,0
848,22,gamma,91,671,0,0,0,0,0,0.01707,-0.321,-0.7287,0.7965,0
849,22,gamma,91,671,0,0,0,0,0,0.02285,-0.002291,-0.1268,0.1289,0
850,22,gamma,91,676,0,0,0,0,0,0.1009,-0.5228,-0.1957,0.5673,0
851,22,gamma,91,676,0,0,0,0,0,0.1475,-0.2799,-0.1679,0.3582,0
852,22,gamma,91,681,0,0,0,0,0,-0.004717,0.002781,0.01907,0.01984,0
853,22,gamma,91,681,0,0,0,0,0,0.4417,0.3217,0.1848,0.5769,0
854,321,K+,91,684,0,0,0,0,0,-2.084,4.998,10.79,12.09,0.4937
855,-211,pi-,91,684,0,0,0,0,0,0.1867,1.224,1.913,2.283,0.1396
856,111,(pi0),-91,684,0,906,907,0,0,-0.4143,1.559,3.214,3.598,0.135
857,22,gamma,91,687,0,0,0,0,0,0.01022,-0.0486,-1.258,1.259,0
858,22,gamma,91,687,0,0,0,0,0,0.07065,-0.03154,-11.26,11.26,0
859,22,gamma,91,694,0,0,0,0,0,-0.09701,-0.1369,-0.06389,0.1796,0
860,22,gamma,91,694,0,0,0,0,0,0.0191,0.01646,-0.02836,0.03795,0
861,22,gamma,91,697,0,0,0,0,0,-0.18,0.02672,-0.02302,0.1834,0
862,22,gamma,91,697,0,0,0,0,0,0.005789,0.03755,-0.03883,0.05432,0
863,2112,n0,91,704,0,0,0,0,0,0.05564,-0.08217,-0.1716,0.9603,0.9396
864,111,(pi0),-91,704,0,908,909,0,0,0.00683,0.04372,0.07745,0.1618,0.135
865,22,gamma,91,705,0,0,0,0,0,-0.1019,0.04356,0.08649,0.1406,0
866,22,gamma,91,705,0,0,0,0,0,0.03315,-0.02535,0.03204,0.05261,0
867,22,gamma,91,707,0,0,0,0,0,0.01833,0.006841,0.0325,0.03793,0
868,22,gamma,91,707,0,0,0,0,0,0.07443,-0.1334,-0.08831,0.1764,0
869,211,pi+,91,708,0,0,0,0,0,-0.01236,-0.1306,3.031,3.037,0.1396
870,111,(pi0),-91,708,0,910,911,0,0,0.1144,0.6204,3.039,3.107,0.135
871,22,gamma,91,719,0,0,0,0,0,-0.2293,-0.08461,-3.288,3.297,0
872,22,gamma,91,719,0,0,0,0,0,-0.2464,0.02843,-4.465,4.472,0
873,2212,p+,91,720,0,0,0,0,0,0.4999,0.6446,-2.022,2.374,0.9383
874,-211,pi-,91,720,0,0,0,0,0,0.1339,0.01995,-0.4407,0.4817,0.1396
875,-2112,nbar0,91,722,0,0,0,0,0,0.35,0.1254,2.322,2.532,0.9396
876,111,(pi0),-91,722,0,912,913,0,0,0.01257,-0.007717,0.6693,0.683,0.135
877,22,gamma,91,726,0,0,0,0,0,-0.04386,0.0706,3.929,3.929,0
878,22,gamma,91,726,0,0,0,0,0,-0.107,0.0807,1.986,1.991,0
879,22,gamma,91,729,0,0,0,0,0,-0.007722,-0.0065,0.7843,0.7844,0
880,22,gamma,91,729,0,0,0,0,0,0.4837,-0.1275,20.01,20.02,0
881,22,gamma,91,734,0,0,0,0,0,-0.2575,0.2604,12.54,12.54,0
882,22,gamma,91,734,0,0,0,0,0,0.009049,0.06019,2.352,2.353,0
883,22,gamma,91,764,0,0,0,0,0,0.2512,-0.4221,22.74,22.74,0
884,22,gamma,91,764,0,0,0,0,0,0.09189,-0.06116,3.523,3.524,0
885,22,gamma,91,771,0,0,0,0,0,0.05887,-0.1939,-0.2552,0.3259,0
886,22,gamma,91,771,0,0,0,0,0,0.2051,-0.1739,-0.3951,0.4779,0
887,22,gamma,91,772,0,0,0,0,0,0.06547,-0.4917,-0.5052,0.708,0
888,22,gamma,91,772,0,0,0,0,0,0.05367,-0.4493,-0.2939,0.5395,0
889,22,gamma,91,808,0,0,0,0,0,-0.06661,0.5014,-8.114,8.13,0
890,22,gamma,91,808,0,0,0,0,0,-0.0508,0.05018,-0.8557,0.8587,0
891,22,gamma,91,809,0,0,0,0,0,-0.05243,0.07447,-0.6064,0.6132,0
892,22,gamma,91,809,0,0,0,0,0,-0.2212,0.05283,-2.788,2.798,0
893,22,gamma,91,818,0,0,0,0,0,-0.2195,-0.2069,-0.5715,0.6462,0
894,22,gamma,91,818,0,0,0,0,0,-0.4508,-0.2702,-0.7326,0.9016,0
895,22,gamma,91,819,0,0,0,0,0,-0.003006,-0.01885,-0.00539,0.01983,0
896,22,gamma,91,819,0,0,0,0,0,-0.4087,-0.7981,-1.396,1.659,0
897,22,gamma,91,820,0,0,0,0,0,-0.02908,0.0632,-0.2758,0.2844,0
898,22,gamma,91,820,0,0,0,0,0,0.06497,0.3648,-0.792,0.8744,0
899,22,gamma,91,821,0,0,0,0,0,0.2871,0.103,-0.8612,0.9136,0
900,11,e-,91,821,0,0,0,0,0,0.006052,-0.01332,-0.01348,0.0199,0.000511
901,-11,e+,91,821,0,0,0,0,0,0.002045,-0.007011,-0.009572,0.01205,0.000511
902,22,gamma,91,823,0,0,0,0,0,0.199,0.241,0.4144,0.519,0
903,22,gamma,91,823,0,0,0,0,0,-0.01271,0.06622,0.1381,0.1536,0
904,211,pi+,91,828,0,0,0,0,0,0.3197,-0.3639,-2.139,2.197,0.1396
905,-211,pi-,91,828,0,0,0,0,0,0.2678,0.08625,-1.409,1.443,0.1396
906,22,gamma,91,856,0,0,0,0,0,-0.3446,1.191,2.353,2.659,0
907,22,gamma,91,856,0,0,0,0,0,-0.06972,0.3677,0.8614,0.9392,0
908,22,gamma,91,864,0,0,0,0,0,-0.03573,-0.01592,0.07937,0.08849,0
909,22,gamma,91,864,0,0,0,0,0,0.04256,0.05965,-0.001922,0.0733,0
910,22,gamma,91,870,0,0,0,0,0,0.1386,0.5512,2.576,2.638,0
911,22,gamma,91,870,0,0,0,0,0,-0.0242,0.0692,0.4628,0.4686,0
912,22,gamma,91,876,0,0,0,0,0,-0.005956,0.06104,0.385,0.3898,0
913,22,gamma,91,876,0,0,0,0,0,0.01852,-0.06875,0.2843,0.2931,0
